ardamoth0@mendelu.cz,Arda,Moth
carleenbasham1@hik.se,Carleen,Basham
farandfaina2@mmu.edu.my,Farand,Faina
gustacunningham3@hec.ac.ma,Gusta,Cunningham
bunniemuraida4@summitunivofla.edu,Bunnie,Muraida
myrlemcwilliams5@uiu.edu,Myrle,McWilliams
robinfranz6@icu.ac.kr,Robin,Franz
lettieliza7@hva.nl,Lettie,Liza
carilynshantha8@udistrital.edu.co,Carilyn,Shantha
merlromelda9@hi-tech.ac.jp,Merl,Romelda
esmeraldasabian10@szu.edu.cn,Esmeralda,Sabian
chickygilles11@csc.edu,Chicky,Gilles
rianonbettina12@ucv.edu.ph,Rianon,Bettina
teresinasaltsman13@iauba.ac.ir,Teresina,Saltsman
gailnattie14@gretsauniversity.ac.ke,Gail,Nattie
alyssronna15@digipen.edu,Alyss,Ronna
hollyanneseen16@ucn.cl,Hollyanne,Seen
carmeltanya17@ugrancolombia.edu.co,Carmel,Tanya
leeannowen18@unigre.urbe.it,Leeann,Owen
carolinefortunio19@nus.edu,Caroline,Fortunio
marlieblaze20@unnes.ac.id,Marlie,Blaze
shawnjuliette21@essec.fr,Shawn,Juliette
agacejollanta22@miu.ac.ir,Agace,Jollanta
melisaashman23@aloma.edu,Melisa,Ashman
doniaboot24@srisathyasai.org.in,Donia,Boot
mitzielfrieda25@htwm.de,Mitzi,Elfrieda
charmainaurthur26@upv.es,Charmain,Aurthur
lyndelltorruella27@byuh.edu,Lyndell,Torruella
janevamelisse28@trcc.edu,Janeva,Melisse
ruthimenis29@alyamamah.edu.sa,Ruthi,Menis
gladilina30@byuh.edu,Gladi,Lina
sheryllinda31@rectorat-uh2c.ac.ma,Sheryl,Linda
gabbeypruchno32@monmouthcollege.edu,Gabbey,Pruchno
rorinatale33@uigv.edu.pe,Rori,Natale
narikosteinman34@wsp.zgora.pl,Nariko,Steinman
ceceliasussman35@stfrancis.edu,Cecelia,Sussman
darryltiga36@udoym.edu.do,Darryl,Tiga
pauliebeedon37@fresnostate.edu,Paulie,Beedon
mabelengle38@sstu.samara.ru,Mabel,Engle
cherisezinnes39@semyung.ac.kr,Cherise,Zinnes
hollyannephotina40@bamu.net,Hollyanne,Photina
adelaidacastro41@udmercy.edu,Adelaida,Castro
juliettacolwin42@kwu.edu,Julietta,Colwin
koressatabb43@coloradocollege.edu,Koressa,Tabb
nikanikiwilling44@unermb.edu.ve,Nikaniki,Willing
carmeliaiila45@kuim.edu.my,Carmelia,Iila
graciamelan46@ukc.ac.uk,Gracia,Melan
melessagarin47@univ-ndere.cm,Melessa,Garin
miquelarooker48@tezukayama-u.ac.jp,Miquela,Rooker
dorolicevivica49@tcd.ie,Dorolice,Vivica
corisssergu50@ifmo.ru,Coriss,Sergu
nikolettaburwell51@uestc.edu.cn,Nikoletta,Burwell
lisetteglynn52@hannam.ac.kr,Lisette,Glynn
tamaraschellens53@gift.edu.pk,Tamara,Schellens
bekkibancroft54@entpe.fr,Bekki,Bancroft
myrandapolk55@agnesscott.edu,Myranda,Polk
arlinetess56@geneseo.edu,Arline,Tess
rosecarmena57@fpu.ac.jp,Rose,Carmena
umekohinson58@tcue.ac.jp,Umeko,Hinson
jolettaworden59@lamp.ac.uk,Joletta,Worden
gretchenemmalee60@spcc.edu,Gretchen,Emmalee
rodinasontag61@sustech.edu,Rodina,Sontag
dollyreta62@acu.edu,Dolly,Reta
elinoregipsy63@uvt.ro,Elinore,Gipsy
valentineagneta64@sustc.edu.cn,Valentine,Agneta
haletteburrell65@police.ac.kr,Halette,Burrell
joniwillette66@khuisf.ac.ir,Joni,Willette
babskahlil67@hhu.edu.cn,Babs,Kahlil
kippeyla68@tcnj.edu,Kipp,Eyla
dulcirosabelle69@ibp-moscow.ru,Dulci,Rosabelle
oliviahickie70@mmu.ac.uk,Olivia,Hickie
helen-elizabethwester71@mst.edu,Helen-Elizabeth,Wester
lexinesedgewick72@zjfc.edu.cn,Lexine,Sedgewick
lillispersas73@basu.ac.ir,Lillis,Persas
bernadinesylas74@nmsu.edu,Bernadine,Sylas
lurlinepanter75@faytechcc.edu,Lurline,Panter
henkadaigle76@hbu.edu.cn,Henka,Daigle
batshevahumfrid77@smumn.edu,Batsheva,Humfrid
joaniedamicke78@ui.edu.ng,Joanie,Damicke
fanechkazacharias79@laurentian.ca,Fanechka,Zacharias
elsibolitho80@yangtzeu.edu.cn,Elsi,Bolitho
salaidhlatrina81@muic.mahidol.ac.th,Salaidh,Latrina
gabiecalia82@clarendoncollege.edu,Gabie,Calia
perlegrenier83@imsciences.edu.pk,Perle,Grenier
perrineapollus84@dhbw.de,Perrine,Apollus
dasyahaily85@unjani.ac.id,Dasya,Haily
ailynjuna86@unnes.ac.id,Ailyn,Juna
renelleroshelle87@lcc.lt,Renelle,Roshelle
cristifaria88@unak.is,Cristi,Faria
herthaarleyne89@uct.ac.za,Hertha,Arleyne
minnaneysa90@bckv.edu.in,Minna,Neysa
josefanatascha91@clemson.edu,Josefa,Natascha
chickyhusain92@wuhee.edu.cn,Chicky,Husain
roselinefrohne93@sejong.ac.kr,Roseline,Frohne
lilarchibald94@nscc.edu,Lil,Archibald
birgitendo95@christuniversity.in,Birgit,Endo
callaxanthus96@ens.fr,Calla,Xanthus
mairekarna97@esiee.fr,Maire,Karna
elwiraemlynne98@njcu.edu,Elwira,Emlynne
kakalinagetraer99@uncen.ac.id,Kakalina,Getraer
